id;name;subtype;company_id;status;last_modified;last_modified_by
1;leverage synthesize Refined;Strategist;82699;Fantastic envisioneer District;2023-02-24T23:24:19;International Handcrafted
2;panel;stable Rustic;54039;Connecticut strategic complexity;2023-02-24T16:20:58;website Borders Virginia
3;Down-sized Gourde;reinvent;86788;Square technologies;2023-02-24T11:27:04;lime deposit Central
4;Human;frame;45845;index Account SCSI;2023-02-24T22:06:19;Shirt Sleek Branding
5;Generic;Sausages;63901;Cambridgeshire bandwidth Buckinghamshire;2023-02-24T18:52:05;connecting matrices
6;bypass withdrawal Club;seamless;63187;Roads virtual invoice;2023-02-24T16:29:56;Circle architecture Senior
7;Towels Architect;national;75985;Shoes;2023-02-25T03:11:36;Regional adapter
8;tan;capacitor Garden cutting-edge;1519;Persevering orange;2023-02-24T15:11:48;Track Reverse-engineered Som
9;iterate Chair;Account Avon Singapore;13355;Shoes Somalia;2023-02-25T04:55:46;withdrawal navigating Pakistan
10;dynamic content;indigo reboot;22703;SMS array;2023-02-25T06:08:13;Table supply-chains
