id;first_name;middle_name;last_name;department;designation;gender;emp_unique_id;joindate;company_id;branch_id;region_id;status;last_modified;last_modified_by;employment_type_id
1;Lola;payment back-end Account;Goyette;innovative system;Granite leading-edge;interfaces override;Small Indiana Sleek;2023-02-24T14:51:52;71090;65309;59458;backing;2023-02-24T20:09:14;Isle cross-platform;7230
2;Summer;connecting National;Adams;Singapore;Granite Wooden;Concrete;Directives payment frictionless;2023-02-24T09:35:49;76252;64329;13556;Soap;2023-02-24T09:08:26;interface;17463
3;Trever;Designer Kiribati;Willms;Plastic Sleek;Infrastructure Bike;North bluetooth Bike;functionalities;2023-02-25T07:54:57;74069;18814;13308;Secured;2023-02-25T07:05:36;Mandatory Alaska;59428
4;Aurelio;National;Cummerata;Profound Chair;Tuna;Ball Personal;Crest Corners Hungary;2023-02-24T15:37:54;53558;53464;22443;Group Cheese;2023-02-25T02:26:39;multi-state payment;25606
5;Alfonzo;Toys Division;Torphy;BEAC;SMTP customized Movies;Grocery;feed Handmade Unbranded;2023-02-25T04:37:22;53108;28727;14905;bus killer;2023-02-24T12:49:22;Glen;15412
6;Stacy;Poland Administrator Sports;Botsford;Ergonomic;Expanded Agent;transmitter reboot TCP;hacking;2023-02-24T12:42:16;29891;7021;15468;supply-chains;2023-02-25T05:24:19;Pennsylvania methodologies;97829
7;Rebeka;Senior red;Hahn;Jewelery Chips;HTTP needs-based;Self-enabling Borders Rustic;Tuna convergence;2023-02-25T00:20:35;51165;19397;32125;indexing Frozen;2023-02-24T11:45:15;generating Accounts;74016
8;Marge;cross-platform fuchsia Computer;Howell;override;Principal bleeding-edge override;Bouvet interface Secured;back-end;2023-02-25T01:57:40;4292;80326;8822;Knolls dynamic Kansas;2023-02-24T10:07:20;Borders;65523
9;Constance;Bypass Architect Wooden;Gleason;Cotton Infrastructure sexy;Loan;generating Lead Branding;Assurance Sleek;2023-02-24T12:11:08;17643;95974;68966;Kip technologies;2023-02-24T20:08:58;synthesizing Zambia;84998
10;Cora;International;Hudson;Mayotte Implemented;holistic;cyan;Soap withdrawal;2023-02-24T18:14:25;63690;39622;88048;Manor Cotton reinvent;2023-02-24T23:05:31;executive Assistant;59391
