id;no_of_hours;employment_type_id;company_id;status;last_modified;last_modified_by
1;Credit Car Alaska;91619;86942;mesh array eco-centric;2023-02-25T07:32:35;neural Generic
2;Frozen;30501;77583;District deposit;2023-02-24T17:37:33;parse hard
3;Hawaii Senior;99871;15419;Futuna Tactics;2023-02-24T08:53:25;process Fresh
4;navigating;35371;99883;synergistic;2023-02-24T11:09:03;Jewelery Drive Avon
5;Planner Stream;83356;44734;Chicken;2023-02-24T10:49:22;New Games Intranet
6;Buckinghamshire rich disintermediate;75831;75000;maroon Real support;2023-02-24T08:30:03;Home deposit
7;white revolutionary Soft;84355;92067;EXE Health Architect;2023-02-24T18:45:26;coherent Cotton
8;Tuna;10696;58596;Jewelery USB;2023-02-24T19:10:36;generate Configuration compress
9;ADP;78377;46052;white Light fuchsia;2023-02-25T02:33:50;technologies New
10;Island transmitter;15365;45446;calculating;2023-02-25T00:34:46;Buckinghamshire Soft Communications
