id;job_title;company_name;start_date;end_date;address_id;employee_id;company_id;job_desc;status;last_modified;last_modified_by
1;Chief Tactics Developer;Usability;2023-02-24T16:46:57;2023-02-25T06:03:15;31779;63247;36071;Buckinghamshire Communications leading-edge;Senior override Sausages;2023-02-24T18:04:22;parsing Tennessee capacity
2;Central Assurance Associate;microchip Uruguay;2023-02-24T13:08:37;2023-02-24T10:05:03;53658;752;51636;Bedfordshire Strategist;Branding recontextualize Steel;2023-02-25T07:24:48;Generic multi-byte
3;Dynamic Markets Analyst;solutions Keyboard Dollar;2023-02-24T09:29:49;2023-02-25T05:00:53;31463;37057;56567;maroon application Optimization;circuit;2023-02-25T05:28:03;Gloves Metal
4;Future Paradigm Supervisor;HDD strategize Industrial;2023-02-24T13:22:24;2023-02-24T16:33:47;40054;63451;93532;Shilling scale Garden;cyan Loan;2023-02-24T17:40:04;indigo Brazilian TCP
5;Direct Identity Officer;Keyboard;2023-02-24T19:46:06;2023-02-24T23:45:32;15018;85887;51446;withdrawal protocol;technologies;2023-02-25T03:24:09;payment
6;Corporate Marketing Planner;Oklahoma Tasty;2023-02-25T02:29:43;2023-02-25T03:36:38;69625;55257;84666;Web Internal;EXE Hryvnia;2023-02-24T14:05:58;Home Checking withdrawal
7;Global Marketing Executive;Turnpike Jewelery;2023-02-25T07:47:25;2023-02-24T09:11:36;30901;53679;43862;alarm Small Plastic;transmitter;2023-02-24T17:20:50;extend
8;Principal Creative Analyst;enhance;2023-02-25T04:52:41;2023-02-24T22:01:18;88729;52374;34373;HTTP Berkshire;transmit;2023-02-25T05:41:28;Human extranet Dollar
9;Direct Data Technician;benchmark;2023-02-25T02:14:54;2023-02-24T22:43:24;11456;2254;16808;Gloves withdrawal Cheese;Denar Operations Wooden;2023-02-24T21:53:18;Bermuda
10;Internal Web Developer;blockchains withdrawal Denar;2023-02-24T16:02:47;2023-02-25T06:05:08;82306;81234;11931;interfaces definition multi-byte;Bedfordshire policy bypass;2023-02-24T21:32:45;Tobago complexity orchid
